Period,Canadian Dollar ($CADUSD) - Rate Value,CAN CPI,US CPI,CAN Foreign Reserves,US Foreign Reserves,Foreign Reserves Difference,Foreign Reserves Difference Percentage,CPI Difference,CPI Difference Percentage
1971-01,1.0114285714285713,0.99,5.29,3.04,0.49,2.55,-0.8388157894736842,-4.3,4.343434343434343
1971-02,1.0092857142857143,1.49,5.0,3.09,0.33,2.76,-0.8932038834951457,-3.51,2.3557046979865772
1971-03,1.007741935483871,1.49,4.71,3.17,0.26,2.91,-0.917981072555205,-3.2199999999999998,2.161073825503356
1971-04,1.01,1.97,4.16,3.18,0.26,2.92,-0.9182389937106918,-2.1900000000000004,1.1116751269035534
1971-05,1.01,1.97,4.4,3.22,0.32,2.9000000000000004,-0.9006211180124224,-2.4300000000000006,1.233502538071066
1971-06,1.0193333333333334,2.46,4.64,3.2,0.32,2.8800000000000003,-0.9,-2.1799999999999997,0.8861788617886177
1971-07,1.02,2.44,4.36,3.28,0.25,3.03,-0.9237804878048781,-1.9200000000000004,0.7868852459016396
1971-08,1.0125806451612904,3.41,4.62,3.54,0.25,3.29,-0.9293785310734464,-1.21,0.35483870967741926
1971-09,1.0130000000000001,3.43,4.08,3.53,0.25,3.28,-0.9291784702549575,-0.6499999999999999,0.18950437317784252
1971-10,1.0051612903225806,3.92,3.81,3.6,0.26,3.34,-0.9277777777777778,0.10999999999999988,-0.028061224489795866
1971-11,1.0016666666666667,3.92,3.28,3.79,0.24,3.55,-0.9366754617414248,0.6400000000000001,-0.16326530612244905
1971-12,0.9996774193548387,4.93,3.27,4.07,0.28,3.79,-0.9312039312039312,1.6599999999999997,-0.33671399594320484
1972-01,1.0067741935483872,4.9,3.27,4.06,0.28,3.7799999999999994,-0.9310344827586207,1.6300000000000003,-0.3326530612244898
1972-02,1.0051724137931033,4.88,3.51,4.06,0.28,3.7799999999999994,-0.9310344827586207,1.37,-0.28073770491803285
1972-03,1.0,5.37,3.5,4.12,0.21,3.91,-0.9490291262135923,1.87,-0.34823091247672255
1972-04,0.9966666666666666,4.83,3.49,4.25,0.43,3.82,-0.8988235294117647,1.3399999999999999,-0.27743271221532084
1972-05,0.9874193548387097,4.83,3.23,4.39,0.47,3.92,-0.8929384965831435,1.6,-0.33126293995859213
1972-06,0.98,4.33,2.71,4.55,0.46,4.09,-0.8989010989010989,1.62,-0.37413394919168597
1972-07,0.9819354838709676,4.76,2.95,4.53,0.2,4.33,-0.9558498896247241,1.8099999999999996,-0.3802521008403361
1972-08,0.98,4.72,2.94,4.54,0.23,4.31,-0.9493392070484581,1.7799999999999998,-0.3771186440677966
1972-09,0.98,5.69,3.19,4.55,0.32,4.2299999999999995,-0.9296703296703297,2.5000000000000004,-0.4393673110720563
1972-10,0.98,5.19,3.42,4.55,0.41,4.14,-0.9098901098901099,1.7700000000000005,-0.34104046242774577
1972-11,0.9896666666666667,5.19,3.67,4.37,0.4,3.97,-0.9084668192219679,1.5200000000000005,-0.2928709055876687
1972-12,0.9980645161290324,5.16,3.41,4.37,0.24,4.13,-0.9450800915331807,1.75,-0.33914728682170536
1973-01,1.0,5.61,3.65,4.29,0.14,4.15,-0.9673659673659674,1.9600000000000004,-0.34937611408199654
1973-02,0.9942857142857143,6.05,3.87,4.38,0.01,4.37,-0.997716894977169,2.1799999999999997,-0.3603305785123967
1973-03,0.9987096774193549,5.56,4.59,4.3,0.01,4.29,-0.9976744186046511,0.9699999999999998,-0.17446043165467617
1973-04,1.0,6.45,5.06,4.24,0.01,4.23,-0.9976415094339622,1.3900000000000006,-0.21550387596899234
1973-05,1.0,6.91,5.53,4.28,0.02,4.260000000000001,-0.9953271028037384,1.38,-0.19971056439942114
1973-06,1.0,7.83,6.0,4.19,0.01,4.180000000000001,-0.9976133651551312,1.83,-0.23371647509578541
1973-07,1.0,7.73,5.73,4.12,0.01,4.11,-0.9975728155339806,2.0,-0.258732212160414
1973-08,1.0019354838709678,8.11,7.38,3.92,0.01,3.91,-0.9974489795918368,0.7299999999999995,-0.09001233045622681
1973-09,1.01,8.07,7.36,3.87,0.01,3.8600000000000003,-0.9974160206718347,0.71,-0.08798017348203224
1973-10,1.0016129032258065,8.52,7.8,3.93,0.01,3.9200000000000004,-0.9974554707379135,0.7199999999999998,-0.08450704225352113
1973-11,1.0,9.42,8.25,3.9,0.01,3.89,-0.9974358974358974,1.17,-0.12420382165605093
1973-12,1.0,9.38,8.71,3.94,0.01,3.93,-0.9974619289340102,0.6699999999999999,-0.0714285714285714
1974-01,0.9906451612903227,9.29,9.39,4.03,0.06,3.97,-0.9851116625310173,-0.10000000000000142,0.010764262648008671
1974-02,0.9760714285714285,9.21,10.02,4.37,0.07,4.3,-0.9839816933638444,-0.8099999999999987,0.08794788273615617
1974-03,0.97,10.53,10.39,4.27,0.01,4.26,-0.9976580796252927,0.1399999999999988,-0.013295346628679816
1974-04,0.9673333333333333,9.96,10.09,4.4,0.01,4.390000000000001,-0.9977272727272727,-0.129999999999999,0.013052208835341306
1974-05,0.96,11.64,10.71,4.39,0.07,4.319999999999999,-0.9840546697038725,0.9299999999999997,-0.07989690721649478
1974-06,0.9653333333333334,11.54,10.86,4.29,0.09,4.2,-0.9790209790209791,0.6799999999999997,-0.05892547660311953
1974-07,0.9761290322580645,10.97,11.51,4.19,0.01,4.180000000000001,-0.9976133651551312,-0.5399999999999991,0.049225159525979834
1974-08,0.9812903225806451,10.83,10.86,4.03,0.22,3.81,-0.9454094292803971,-0.02999999999999936,0.0027700831024930483
1974-09,0.9886666666666667,11.2,11.95,3.92,0.25,3.67,-0.9362244897959183,-0.75,0.06696428571428581
1974-10,0.98,11.98,12.06,3.9,0.19,3.71,-0.9512820512820512,-0.08000000000000007,0.006677796327211993
1974-11,0.9883333333333333,11.89,12.2,3.8,0.04,3.76,-0.9894736842105263,-0.3099999999999987,0.026072329688814122
1974-12,0.99,12.65,12.34,3.78,0.01,3.77,-0.9973544973544973,0.3100000000000005,-0.02450592885375502
1975-01,0.9938709677419354,11.74,11.8,3.72,0.0,3.72,-1.0,-0.0600000000000005,0.005110732538330609
1975-02,1.0,12.05,11.23,3.73,0.0,3.73,-1.0,0.8200000000000003,-0.06804979253112031
1975-03,1.0,11.11,10.25,3.67,0.02,3.65,-0.9945504087193461,0.8599999999999994,-0.07740774077407742
1975-04,1.012,11.02,10.21,3.38,0.0,3.38,-1.0,0.8099999999999987,-0.07350272232304889
1975-05,1.0280645161290323,10.04,9.47,3.24,0.0,3.24,-1.0,0.5699999999999985,-0.0567729083665337
1975-06,1.0290000000000001,10.34,9.39,3.13,0.03,3.1,-0.9904153354632588,0.9499999999999993,-0.09187620889748538
1975-07,1.03,11.03,9.72,3.09,0.0,3.09,-1.0,1.3099999999999987,-0.11876699909338162
1975-08,1.0361290322580647,10.9,8.6,3.05,0.03,3.02,-0.9901639344262295,2.3000000000000007,-0.21100917431192667
1975-09,1.0263333333333333,10.45,7.91,3.12,0.25,2.87,-0.9198717948717949,2.539999999999999,-0.24306220095693776
1975-10,1.0258064516129033,9.96,7.44,3.16,0.41,2.75,-0.870253164556962,2.5200000000000005,-0.2530120481927711
1975-11,1.015,10.26,7.38,3.31,0.42,2.89,-0.8731117824773413,2.88,-0.2807017543859649
1975-12,1.0135483870967743,9.42,6.94,3.22,0.08,3.14,-0.9751552795031055,2.4799999999999995,-0.26326963906581735
1976-01,1.0074193548387096,9.78,6.72,3.49,0.33,3.16,-0.9054441260744985,3.0599999999999996,-0.31288343558282206
1976-02,0.9948275862068966,9.32,6.29,3.77,0.3,3.47,-0.9204244031830239,3.0300000000000002,-0.325107296137339
1976-03,0.9861290322580645,9.29,6.07,3.75,0.57,3.18,-0.848,3.219999999999999,-0.3466092572658772
1976-04,0.9833333333333333,8.87,6.05,3.73,0.94,2.79,-0.7479892761394102,2.8199999999999994,-0.3179255918827508
1976-05,0.98,8.42,6.2,3.68,0.94,2.74,-0.7445652173913044,2.2199999999999998,-0.26365795724465557
1976-06,0.9746666666666666,7.99,5.97,3.84,1.37,2.4699999999999998,-0.6432291666666666,2.0200000000000005,-0.25281602002503134
1976-07,0.9712903225806452,7.19,5.35,3.58,0.86,2.72,-0.7597765363128491,1.8400000000000007,-0.25591098748261487
1976-08,0.9867741935483871,6.1,5.71,3.3,0.85,2.4499999999999997,-0.7424242424242424,0.3899999999999997,-0.06393442622950818
1976-09,0.975,6.42,5.49,3.53,1.04,2.4899999999999998,-0.7053824362606231,0.9299999999999997,-0.1448598130841121
1976-10,0.9703225806451612,6.38,5.46,3.52,1.07,2.45,-0.6960227272727273,0.9199999999999999,-0.14420062695924762
1976-11,0.9836666666666666,5.65,4.88,2.72,1.15,1.5700000000000003,-0.5772058823529412,0.7700000000000005,-0.1362831858407081
1976-12,1.0180645161290323,5.63,4.86,3.46,0.32,3.14,-0.9075144508670521,0.7699999999999996,-0.13676731793960917
1977-01,1.008709677419355,6.27,5.22,3.3,0.37,2.9299999999999997,-0.8878787878787879,1.0499999999999998,-0.16746411483253587
1977-02,1.0267857142857142,6.23,5.91,2.9,0.26,2.6399999999999997,-0.9103448275862069,0.3200000000000003,-0.051364365971107606
1977-03,1.0512903225806454,7.19,6.44,2.72,0.26,2.46,-0.9044117647058824,0.75,-0.1043115438108484
1977-04,1.0523333333333333,7.49,6.95,2.79,0.11,2.68,-0.9605734767025089,0.54,-0.0720961281708945
1977-05,1.05,8.09,6.73,2.82,0.1,2.7199999999999998,-0.9645390070921985,1.3599999999999994,-0.16810877626699627
1977-06,1.0576666666666668,7.72,6.87,2.73,0.09,2.64,-0.967032967032967,0.8499999999999996,-0.11010362694300513
1977-07,1.0619354838709678,8.31,6.83,2.68,0.06,2.62,-0.9776119402985075,1.4800000000000004,-0.1780986762936222
1977-08,1.0761290322580646,8.31,6.62,2.58,0.06,2.52,-0.9767441860465116,1.6900000000000004,-0.2033694344163659
1977-09,1.0703333333333334,8.57,6.6,2.51,0.07,2.44,-0.9721115537848606,1.9700000000000006,-0.22987164527421244
1977-10,1.0974193548387097,8.83,6.39,1.88,0.02,1.8599999999999999,-0.9893617021276596,2.4400000000000004,-0.2763306908267271
1977-11,1.1096666666666668,9.12,6.72,1.9,0.02,1.88,-0.9894736842105263,2.3999999999999995,-0.26315789473684204
1977-12,1.0983870967741938,9.4,6.7,2.31,0.02,2.29,-0.9913419913419913,2.7,-0.2872340425531915
1978-01,1.1012903225806452,9.01,6.84,2.13,0.17,1.96,-0.92018779342723,2.17,-0.24084350721420644
1978-02,1.1146428571428573,9.26,6.43,1.41,0.02,1.39,-0.9858156028368794,2.83,-0.3056155507559395
1978-03,1.125483870967742,8.84,6.55,1.69,0.08,1.6099999999999999,-0.9526627218934911,2.29,-0.2590497737556561
1978-04,1.1396666666666666,8.48,6.5,2.53,0.07,2.46,-0.9723320158102767,1.9800000000000004,-0.23349056603773588
1978-05,1.1187096774193548,8.68,6.97,2.7,0.14,2.56,-0.9481481481481482,1.71,-0.19700460829493083
1978-06,1.121,9.25,7.41,2.67,0.08,2.59,-0.9700374531835206,1.8399999999999999,-0.19891891891891889
1978-07,1.1225806451612905,9.44,7.7,2.5,0.1,2.4,-0.96,1.7399999999999993,-0.18432203389830504
1978-08,1.1409677419354838,9.73,7.84,2.09,0.02,2.07,-0.9904306220095693,1.8900000000000006,-0.19424460431654678
1978-09,1.1643333333333332,8.48,8.31,1.56,0.03,1.53,-0.9807692307692307,0.16999999999999993,-0.02004716981132071
1978-10,1.1816129032258063,8.99,8.93,2.91,0.04,2.87,-0.9862542955326461,0.0600000000000005,-0.006674082313681939
1978-11,1.1723333333333332,8.93,8.89,2.44,3.7,-1.2600000000000002,0.5163934426229508,0.03999999999999915,-0.004479283314669513
1978-12,1.18,8.6,9.02,2.48,4.37,-1.8900000000000001,0.7620967741935485,-0.41999999999999993,0.04883720930232549
1979-01,1.1893548387096773,8.55,9.28,2.16,5.2,-3.04,1.4074074074074074,-0.7299999999999986,0.08538011695906422
1979-02,1.1960714285714287,9.04,9.86,1.93,4.96,-3.0300000000000002,1.5699481865284977,-0.8200000000000003,0.09070796460176989
1979-03,1.1745161290322579,9.24,10.09,3.25,6.39,-3.1399999999999997,0.9661538461538461,-0.8499999999999996,0.09199134199134185
1979-04,1.1463333333333334,9.78,10.49,3.02,6.29,-3.27,1.0827814569536423,-0.7100000000000009,0.07259713701431503
1979-05,1.1558064516129032,9.37,10.85,1.96,7.13,-5.17,2.6377551020408165,-1.4800000000000004,0.15795090715048032
1979-06,1.1733333333333331,9.02,10.89,2.03,6.07,-4.040000000000001,1.9901477832512318,-1.870000000000001,0.2073170731707319
1979-07,1.1641935483870967,8.36,11.26,2.1,4.87,-2.77,1.3190476190476188,-2.9000000000000004,0.34688995215311014
1979-08,1.1703225806451614,8.33,11.82,2.16,4.82,-2.66,1.2314814814814814,-3.49,0.41896758703481396
1979-09,1.166,9.7,12.18,2.39,3.32,-0.9299999999999997,0.38912133891213374,-2.4800000000000004,0.2556701030927835
1979-10,1.1738709677419354,9.04,12.07,1.92,2.93,-1.0100000000000002,0.5260416666666667,-3.030000000000001,0.3351769911504425
1979-11,1.181,9.52,12.61,1.99,4.15,-2.16,1.0854271356783922,-3.09,0.32457983193277307
1979-12,1.1696774193548387,9.76,13.29,1.89,3.81,-1.9200000000000002,1.0158730158730158,-3.5299999999999994,0.3616803278688523
1980-01,1.1648387096774193,9.71,13.91,1.9,4.7,-2.8000000000000003,1.473684210526316,-4.199999999999999,0.4325437693099896
1980-02,1.1568965517241379,9.59,14.18,2.34,4.59,-2.25,0.9615384615384617,-4.59,0.47862356621480706
1980-03,1.1729032258064516,9.23,14.76,1.61,5.42,-3.8099999999999996,2.3664596273291925,-5.529999999999999,0.5991332611050919
1980-04,1.1856666666666666,9.16,14.73,1.85,5.68,-3.8299999999999996,2.07027027027027,-5.57,0.6080786026200873
1980-05,1.1732258064516128,9.32,14.41,2.08,5.84,-3.76,1.8076923076923075,-5.09,0.546137339055794
1980-06,1.1516666666666666,10.03,14.38,2.16,5.6,-3.4399999999999995,1.5925925925925921,-4.350000000000001,0.4336989032901297
1980-07,1.1506451612903223,9.95,13.13,1.91,5.42,-3.51,1.837696335078534,-3.1800000000000015,0.319597989949749
1980-08,1.16,10.92,12.87,2.17,5.95,-3.7800000000000002,1.741935483870968,-1.9499999999999993,0.1785714285714286
1980-09,1.1646666666666665,10.57,12.6,1.86,6.15,-4.29,2.306451612903226,-2.0299999999999994,0.1920529801324502
1980-10,1.1706451612903226,10.73,12.77,1.63,7.19,-5.5600000000000005,3.411042944785277,-2.039999999999999,0.19012115563839682
1980-11,1.187,11.11,12.65,1.45,8.74,-7.29,5.027586206896552,-1.540000000000001,0.13861386138613874
1980-12,1.1951612903225806,11.06,12.52,2.06,10.13,-8.07,3.91747572815534,-1.459999999999999,0.13200723327305597
1981-01,1.1903225806451612,12.2,11.83,1.35,10.66,-9.31,6.8962962962962955,0.3699999999999992,-0.030327868852458972
1981-02,1.199642857142857,12.06,11.41,1.29,11.78,-10.489999999999998,8.131782945736433,0.6500000000000004,-0.05389718076285244
1981-03,1.1909677419354838,12.68,10.49,1.67,11.9,-10.23,6.125748502994012,2.1899999999999995,-0.17271293375394314
1981-04,1.1903333333333335,12.59,10.0,1.26,11.25,-9.99,7.928571428571429,2.59,-0.20571882446386025
1981-05,1.2,12.21,9.78,1.38,10.9,-9.52,6.898550724637682,2.4300000000000015,-0.19901719901719916
1981-06,1.2049999999999998,12.76,9.55,1.3,10.75,-9.45,7.269230769230768,3.209999999999999,-0.2515673981191222
1981-07,1.209032258064516,12.9,10.76,0.75,9.84,-9.09,12.12,2.1400000000000006,-0.16589147286821715
1981-08,1.222258064516129,12.53,10.8,1.76,10.03,-8.27,4.698863636363636,1.7299999999999986,-0.13806863527533908
1981-09,1.2003333333333333,12.67,10.95,1.46,10.05,-8.59,5.883561643835617,1.7200000000000006,-0.13575374901341752
1981-10,1.202258064516129,12.78,10.14,1.27,10.41,-9.14,7.196850393700787,2.639999999999999,-0.20657276995305152
1981-11,1.1873333333333334,12.17,9.59,2.99,10.73,-7.74,2.588628762541806,2.58,-0.2119967132292523
1981-12,1.1848387096774193,12.12,8.92,2.96,9.77,-6.81,2.3006756756756754,3.1999999999999993,-0.264026402640264
1982-01,1.1922580645161291,11.3,8.39,2.91,9.53,-6.619999999999999,2.2749140893470785,2.91,-0.25752212389380535
1982-02,1.2149999999999999,11.39,7.62,2.15,9.28,-7.129999999999999,3.3162790697674414,3.7700000000000005,-0.33099209833187004
1982-03,1.2206451612903224,11.46,6.78,1.64,9.12,-7.4799999999999995,4.560975609756097,4.680000000000001,-0.4083769633507853
1982-04,1.225,11.39,6.51,2.19,10.09,-7.9,3.6073059360730593,4.880000000000001,-0.42844600526777876
1982-05,1.2335483870967743,11.91,6.68,1.62,9.15,-7.53,4.648148148148148,5.23,-0.43912678421494544
1982-06,1.2746666666666668,11.31,7.06,1.71,9.0,-7.29,4.2631578947368425,4.250000000000001,-0.37577365163572063
1982-07,1.270967741935484,11.02,6.44,2.06,9.1,-7.039999999999999,3.417475728155339,4.579999999999999,-0.4156079854809437
1982-08,1.2448387096774194,10.54,5.85,2.66,9.05,-6.390000000000001,2.4022556390977443,4.6899999999999995,-0.4449715370018975
1982-09,1.2353333333333334,10.26,5.04,2.6,8.63,-6.030000000000001,2.3192307692307694,5.22,-0.5087719298245614
1982-10,1.2319354838709677,9.96,5.14,2.42,9.4,-6.98,2.8842975206611574,4.820000000000001,-0.4839357429718876
1982-11,1.2256666666666665,9.69,4.59,2.47,10.74,-8.27,3.3481781376518214,5.1,-0.5263157894736842
1982-12,1.2396774193548388,9.27,3.83,2.58,10.21,-7.630000000000001,2.9573643410852717,5.4399999999999995,-0.5868392664509169
1983-01,1.23,8.24,3.71,2.89,9.49,-6.6,2.283737024221453,4.53,-0.5497572815533981
1983-02,1.227142857142857,7.58,3.49,3.4,9.22,-5.82,1.711764705882353,4.09,-0.5395778364116095
1983-03,1.2264516129032257,7.29,3.6,3.04,8.6,-5.56,1.8289473684210527,3.69,-0.5061728395061729
1983-04,1.2336666666666667,6.69,3.9,3.26,8.57,-5.3100000000000005,1.628834355828221,2.7900000000000005,-0.4170403587443947
1983-05,1.2296774193548385,5.5,3.55,3.04,7.85,-4.81,1.5822368421052628,1.9500000000000002,-0.3545454545454546
1983-06,1.232,5.44,2.58,3.2,7.85,-4.6499999999999995,1.4531249999999996,2.8600000000000003,-0.5257352941176471
1983-07,1.23,5.42,2.46,3.18,7.27,-4.09,1.2861635220125782,2.96,-0.5461254612546125
1983-08,1.2338709677419355,5.58,2.56,3.24,6.66,-3.42,1.0555555555555554,3.02,-0.5412186379928315
1983-09,1.23,5.01,2.86,3.25,6.91,-3.66,1.126153846153846,2.15,-0.4291417165668663
1983-10,1.23,4.97,2.85,3.31,6.95,-3.64,1.0996978851963748,2.1199999999999997,-0.42655935613682083
1983-11,1.2366666666666668,4.42,3.27,3.06,6.91,-3.85,1.2581699346405228,1.15,-0.2601809954751131
1983-12,1.2470967741935484,4.59,3.79,2.74,6.29,-3.55,1.2956204379562042,0.7999999999999998,-0.17429193899782136
1984-01,1.2490322580645161,5.49,4.19,2.83,6.3,-3.4699999999999998,1.2261484098939928,1.2999999999999998,-0.2367941712204007
1984-02,1.25,5.46,4.6,2.62,6.68,-4.06,1.5496183206106866,0.8600000000000003,-0.15750915750915762
1984-03,1.27,4.53,4.8,2.08,6.82,-4.74,2.2788461538461537,-0.2699999999999996,0.05960264900662238
1984-04,1.2796666666666667,4.88,4.56,1.74,6.59,-4.85,2.78735632183908,0.3200000000000003,-0.06557377049180335
1984-05,1.2932258064516131,4.7,4.23,2.09,6.43,-4.34,2.076555023923445,0.46999999999999975,-0.09999999999999998
1984-06,1.3033333333333335,4.3,4.22,1.37,6.33,-4.96,3.6204379562043796,0.08000000000000007,-0.018604651162790753
1984-07,1.324193548387097,4.11,4.2,2.69,6.11,-3.4200000000000004,1.2713754646840152,-0.08999999999999986,0.021897810218977964
1984-08,1.3041935483870968,3.58,4.29,2.11,6.19,-4.08,1.9336492890995265,-0.71,0.1983240223463687
1984-09,1.3146666666666669,3.75,4.27,1.87,6.04,-4.17,2.229946524064171,-0.5199999999999996,0.1386666666666665
1984-10,1.32,3.38,4.26,2.09,6.32,-4.23,2.023923444976077,-0.8799999999999999,0.2603550295857988
1984-11,1.3173333333333335,3.89,4.05,1.63,6.26,-4.63,2.8404907975460123,-0.1599999999999997,0.041131105398457546
1984-12,1.3203225806451613,3.72,3.95,1.74,6.66,-4.92,2.827586206896552,-0.22999999999999998,0.06182795698924726
1985-01,1.323225806451613,3.52,3.53,1.54,6.27,-4.7299999999999995,3.071428571428571,-0.009999999999999787,0.0028409090909089496
1985-02,1.352857142857143,3.67,3.52,1.39,6.3,-4.91,3.5323741007194247,0.1499999999999999,-0.04087193460490457
1985-03,1.3858064516129032,3.67,3.7,2.37,7.04,-4.67,1.9704641350210967,-0.03000000000000025,0.008174386920980936
1985-04,1.364666666666667,3.82,3.69,1.98,7.05,-5.07,2.5606060606060606,0.1299999999999999,-0.03403141361256545
1985-05,1.3758064516129032,4.15,3.77,1.68,7.16,-5.48,3.261904761904762,0.38000000000000034,-0.09156626506024101
1985-06,1.3673333333333335,3.96,3.76,1.58,7.41,-5.83,3.689873417721519,0.20000000000000018,-0.0505050505050505
1985-07,1.3525806451612903,4.11,3.55,2.04,7.96,-5.92,2.9019607843137254,0.5600000000000005,-0.13625304136253047
1985-08,1.356451612903226,4.11,3.35,1.74,7.89,-6.1499999999999995,3.5344827586206895,0.7600000000000002,-0.18491484184914841
1985-09,1.37,4.11,3.14,1.63,8.67,-7.04,4.319018404907975,0.9700000000000002,-0.23600973236009737
1985-10,1.3690322580645162,4.09,3.23,1.52,11.8,-10.280000000000001,6.7631578947368425,0.8599999999999999,-0.2102689486552567
1985-11,1.378,3.91,3.51,1.79,12.55,-10.760000000000002,6.011173184357542,0.40000000000000036,-0.10230179028133002
1985-12,1.3961290322580644,4.4,3.8,1.57,12.86,-11.29,7.19108280254777,0.6000000000000005,-0.13636363636363646
1986-01,1.404516129032258,4.38,3.89,1.49,13.32,-11.83,7.939597315436242,0.48999999999999977,-0.11187214611872143
1986-02,1.4049999999999998,4.19,3.11,2.75,14.28,-11.53,4.192727272727272,1.0800000000000005,-0.2577565632458235
1986-03,1.4022580645161289,4.34,2.26,1.57,13.97,-12.4,7.898089171974522,2.08,-0.47926267281105994
1986-04,1.3876666666666666,3.84,1.59,1.73,15.06,-13.33,7.705202312138729,2.25,-0.5859375
1986-05,1.3770967741935483,4.15,1.49,1.79,14.32,-12.530000000000001,7.0,2.66,-0.6409638554216868
1986-06,1.3896666666666666,3.81,1.77,1.61,15.23,-13.620000000000001,8.459627329192546,2.04,-0.5354330708661417
1986-07,1.3819354838709677,4.11,1.58,1.74,16.15,-14.409999999999998,8.281609195402298,2.5300000000000002,-0.6155717761557178
1986-08,1.3883870967741936,4.27,1.57,1.51,16.81,-15.299999999999999,10.132450331125828,2.6999999999999993,-0.6323185011709601
1986-09,1.3896666666666666,4.1,1.75,1.39,16.79,-15.399999999999999,11.079136690647482,2.3499999999999996,-0.573170731707317
1986-10,1.39,4.4,1.47,2.02,16.36,-14.34,7.099009900990099,2.9300000000000006,-0.665909090909091
1986-11,1.387,4.55,1.28,2.06,16.79,-14.729999999999999,7.150485436893204,3.2699999999999996,-0.7186813186813187
1986-12,1.38,4.21,1.1,2.32,17.33,-15.009999999999998,6.469827586206896,3.11,-0.7387173396674585
1987-01,1.362258064516129,4.04,1.46,4.28,17.98,-13.7,3.2009345794392523,2.58,-0.6386138613861386
1987-02,1.3335714285714286,4.02,2.1,4.79,17.96,-13.170000000000002,2.7494780793319418,1.9199999999999995,-0.4776119402985074
1987-03,1.3193548387096774,4.01,3.03,6.02,17.29,-11.27,1.8720930232558142,0.98,-0.24438902743142144
1987-04,1.3193333333333332,4.62,3.78,4.4,14.89,-10.49,2.384090909090909,0.8400000000000003,-0.18181818181818188
1987-05,1.342258064516129,4.59,3.86,3.77,14.42,-10.65,2.8249336870026527,0.73,-0.159041394335512
1987-06,1.3373333333333335,4.74,3.65,4.4,13.9,-9.5,2.1590909090909087,1.0900000000000003,-0.22995780590717307
1987-07,1.3258064516129033,4.55,3.93,4.4,13.47,-9.07,2.061363636363636,0.6199999999999997,-0.13626373626373622
1987-08,1.3267741935483872,4.55,4.28,5.19,14.56,-9.370000000000001,1.8053949903660884,0.2699999999999996,-0.05934065934065924
1987-09,1.3150000000000002,4.55,4.36,5.57,14.0,-8.43,1.5134649910233393,0.1899999999999995,-0.04175824175824161
1987-10,1.3103225806451615,4.22,4.53,5.92,14.59,-8.67,1.4645270270270272,-0.3100000000000005,0.07345971563981046
1987-11,1.3163333333333334,4.2,4.53,5.84,14.39,-8.55,1.464041095890411,-0.33000000000000007,0.07857142857142851
1987-12,1.3090322580645162,4.19,4.43,6.22,13.09,-6.87,1.104501607717042,-0.23999999999999932,0.0572792362768495
1988-01,1.287741935483871,4.03,4.05,7.44,11.32,-3.88,0.521505376344086,-0.019999999999999574,0.004962779156327368
1988-02,1.2672413793103448,4.01,3.94,8.33,11.8,-3.4700000000000006,0.41656662665066024,0.06999999999999984,-0.0174563591022443
1988-03,1.2506451612903227,4.3,3.93,10.33,11.58,-1.25,0.12100677637947732,0.36999999999999966,-0.08604651162790689
1988-04,1.2349999999999999,3.98,3.9,11.37,11.28,0.08999999999999986,-0.0079155672823219,0.08000000000000007,-0.02010050251256279
1988-05,1.2364516129032257,3.95,3.89,11.15,10.91,0.2400000000000002,-0.021524663677130018,0.06000000000000005,-0.015189873417721489
1988-06,1.2163333333333335,3.94,3.96,14.07,10.79,3.280000000000001,-0.2331201137171287,-0.020000000000000018,0.0050761421319796
1988-07,1.2093548387096775,3.92,4.13,13.24,14.06,-0.8200000000000003,0.0619335347432024,-0.20999999999999996,0.0535714285714286
1988-08,1.224193548387097,3.91,4.02,11.76,18.02,-6.26,0.532312925170068,-0.10999999999999943,0.028132992327365658
1988-09,1.228,4.06,4.17,12.6,18.02,-5.42,0.4301587301587302,-0.11000000000000032,0.027093596059113434
1988-10,1.2064516129032257,4.34,4.25,14.03,19.6,-5.570000000000002,0.39700641482537447,0.08999999999999986,-0.020737327188940058
1988-11,1.218,4.03,4.25,13.35,18.0,-4.65,0.348314606741573,-0.21999999999999975,0.05459057071960283
1988-12,1.1980645161290322,3.88,4.42,13.52,17.36,-3.84,0.28402366863905315,-0.54,0.1391752577319587
1989-01,1.1929032258064516,4.3,4.67,14.03,18.32,-4.290000000000001,0.3057733428367784,-0.3700000000000001,0.086046511627907
1989-02,1.1907142857142856,4.57,4.83,13.56,19.31,-5.749999999999998,0.42404129793510315,-0.2599999999999998,0.05689277899343548
1989-03,1.1951612903225806,4.55,4.98,13.64,20.3,-6.66,0.48826979472140764,-0.4300000000000006,0.09450549450549461
1989-04,1.1893333333333334,4.53,5.12,13.58,20.73,-7.15,0.5265095729013256,-0.5899999999999999,0.13024282560706402
1989-05,1.1935483870967742,5.07,5.36,13.05,26.23,-13.18,1.0099616858237548,-0.29000000000000004,0.05719921104536496
1989-06,1.1993333333333331,5.2,5.17,13.39,31.52,-18.13,1.3539955190440627,0.03000000000000025,-0.00576923076923086
1989-07,1.19,5.31,4.98,13.61,34.0,-20.39,1.498163115356356,0.3299999999999992,-0.0621468926553671
1989-08,1.175806451612903,5.3,4.71,14.19,33.41,-19.22,1.354474982381959,0.5899999999999999,-0.11132075471698111
1989-09,1.1829999999999998,5.29,4.34,13.89,39.08,-25.189999999999998,1.8135349172066233,0.9500000000000002,-0.17958412098298682
1989-10,1.1751612903225805,5.12,4.49,13.87,41.55,-27.68,1.9956741167988463,0.6299999999999999,-0.123046875
1989-11,1.1696666666666666,5.26,4.66,13.68,42.7,-29.020000000000003,2.1213450292397664,0.5999999999999996,-0.11406844106463876
1989-12,1.1609677419354838,5.26,4.65,14.15,44.55,-30.4,2.1484098939929326,0.6099999999999994,-0.11596958174904937
1990-01,1.1716129032258065,5.5,5.2,12.99,45.23,-32.239999999999995,2.4819091608929944,0.2999999999999998,-0.054545454545454564
1990-02,1.197142857142857,5.46,5.26,11.02,43.91,-32.89,2.984573502722323,0.20000000000000018,-0.03663003663003661
1990-03,1.1809677419354838,5.3,5.23,11.91,46.42,-34.510000000000005,2.897565071368598,0.0699999999999994,-0.013207547169811207
1990-04,1.1649999999999998,5.01,4.71,12.36,46.43,-34.07,2.7564724919093853,0.2999999999999998,-0.059880239520958
1990-05,1.174838709677419,4.42,4.36,11.33,46.8,-35.47,3.1306266548984993,0.05999999999999961,-0.013574660633484115
1990-06,1.1729999999999998,4.41,4.67,11.96,47.29,-35.33,2.954013377926421,-0.2599999999999998,0.05895691609977316
1990-07,1.1574193548387095,4.11,4.82,13.29,47.46,-34.17,2.5711060948081266,-0.71,0.17274939172749382
1990-08,1.1441935483870966,4.11,5.62,15.7,48.17,-32.47,2.0681528662420385,-1.5099999999999998,0.3673965936739658
1990-09,1.1566666666666665,4.23,6.16,15.55,49.41,-33.86,2.1774919614147907,-1.9299999999999997,0.45626477541371147
1990-10,1.1593548387096773,4.74,6.29,15.32,51.85,-36.53,2.3844647519582245,-1.5499999999999998,0.3270042194092826
1990-11,1.164,5.12,6.27,15.65,52.07,-36.42,2.3271565495207667,-1.1499999999999995,0.224609375
1990-12,1.1609677419354838,4.99,6.11,15.8,52.19,-36.39,2.303164556962025,-1.12,0.22444889779559118
1991-01,1.1558064516129032,6.91,5.65,16.05,53.56,-37.510000000000005,2.337071651090343,1.2599999999999998,-0.18234442836468878
1991-02,1.1539285714285712,6.22,5.31,14.71,51.23,-36.519999999999996,2.482664853840924,0.9100000000000001,-0.1463022508038585
1991-03,1.157741935483871,6.19,4.9,14.9,47.67,-32.77,2.1993288590604028,1.29,-0.20840064620355414
1991-04,1.153333333333333,6.19,4.89,13.78,48.11,-34.33,2.491291727140784,1.3000000000000007,-0.21001615508885307
1991-05,1.15,6.16,4.95,15.16,47.84,-32.68000000000001,2.1556728232189974,1.21,-0.1964285714285714
1991-06,1.1433333333333333,6.27,4.7,14.47,44.94,-30.47,2.1057360055286796,1.5699999999999994,-0.2503987240829345
1991-07,1.149032258064516,5.99,4.45,14.71,44.66,-29.949999999999996,2.0360299116247447,1.54,-0.25709515859766274
1991-08,1.1441935483870966,5.98,3.8,15.96,43.25,-27.29,1.7098997493734336,2.1800000000000006,-0.3645484949832777
1991-09,1.1376666666666666,5.46,3.39,15.99,43.85,-27.86,1.742338961851157,2.07,-0.3791208791208791
1991-10,1.1287096774193546,4.4,2.92,14.85,43.67,-28.82,1.940740740740741,1.4800000000000004,-0.3363636363636364
1991-11,1.1313333333333333,4.13,2.99,15.24,43.71,-28.47,1.8681102362204727,1.1399999999999997,-0.2760290556900725
1991-12,1.1483870967741934,3.75,3.06,14.08,45.93,-31.85,2.2620738636363638,0.69,-0.18399999999999994
1992-01,1.1558064516129032,1.59,2.6,13.98,44.72,-30.74,2.1988555078683834,-1.01,0.6352201257861636
1992-02,1.183103448275862,1.59,2.82,13.91,44.01,-30.099999999999998,2.1639108554996405,-1.2299999999999998,0.7735849056603772
1992-03,1.1925806451612904,1.58,3.19,12.6,43.66,-31.059999999999995,2.4650793650793648,-1.6099999999999999,1.0189873417721516
1992-04,1.188,1.7,3.18,12.79,43.76,-30.97,2.421422986708366,-1.4800000000000002,0.8705882352941179
1992-05,1.199032258064516,1.33,3.02,12.66,43.04,-30.38,2.399684044233807,-1.69,1.270676691729323
1992-06,1.1946666666666665,1.08,3.09,12.44,45.06,-32.620000000000005,2.622186495176849,-2.01,1.8611111111111107
1992-07,1.1916129032258065,1.2,3.16,12.83,44.98,-32.15,2.505845674201091,-1.9600000000000002,1.6333333333333337
1992-08,1.1903225806451612,1.08,3.15,12.79,45.46,-32.67,2.5543393275996875,-2.07,1.9166666666666665
1992-09,1.221,1.32,2.99,9.98,45.58,-35.599999999999994,3.5671342685370737,-1.6700000000000002,1.2651515151515151
1992-10,1.2480645161290322,1.57,3.2,10.49,42.33,-31.839999999999996,3.0352716873212584,-1.6300000000000001,1.0382165605095541
1992-11,1.2676666666666667,1.68,3.05,7.7,40.9,-33.199999999999996,4.311688311688312,-1.3699999999999999,0.8154761904761905
1992-12,1.2729032258064517,2.17,2.9,9.38,40.01,-30.629999999999995,3.2654584221748397,-0.73,0.33640552995391704
1993-01,1.2774193548387098,2.04,3.26,9.17,40.28,-31.11,3.3925845147219196,-1.2199999999999998,0.5980392156862744
1993-02,1.2596428571428573,2.4,3.25,9.01,41.12,-32.11,3.563817980022197,-0.8500000000000001,0.35416666666666674
1993-03,1.2467741935483871,1.91,3.09,10.65,42.35,-31.700000000000003,2.976525821596244,-1.18,0.617801047120419
1993-04,1.2613333333333334,1.79,3.23,9.73,43.33,-33.599999999999994,3.4532374100719423,-1.44,0.8044692737430168
1993-05,1.2693548387096774,1.91,3.22,10.39,44.32,-33.93,3.2656400384985558,-1.3100000000000003,0.6858638743455499
1993-06,1.2776666666666665,1.67,3.0,9.62,42.0,-32.38,3.365904365904366,-1.33,0.7964071856287427
1993-07,1.282258064516129,1.66,2.78,9.68,42.09,-32.410000000000004,3.348140495867769,-1.1199999999999999,0.6746987951807228
1993-08,1.3083870967741935,1.78,2.77,8.4,42.92,-34.52,4.109523809523809,-0.99,0.5561797752808988
1993-09,1.32,1.78,2.69,8.63,43.47,-34.839999999999996,4.037079953650057,-0.9099999999999999,0.5112359550561798
1993-10,1.3267741935483872,1.9,2.75,10.53,42.55,-32.019999999999996,3.0408357075023744,-0.8500000000000001,0.44736842105263164
1993-11,1.3173333333333335,1.89,2.68,9.74,42.07,-32.33,3.319301848049281,-0.7900000000000003,0.41798941798941813
1993-12,1.3306451612903225,1.65,2.75,10.47,41.53,-31.060000000000002,2.9665711556829035,-1.1,0.6666666666666667
1994-01,1.3180645161290323,1.29,2.52,10.77,42.21,-31.44,2.9192200557103067,-1.23,0.9534883720930232
1994-02,1.3407142857142857,0.12,2.52,10.41,43.44,-33.03,3.172910662824207,-2.4,20.0
1994-03,1.3651612903225807,0.23,2.51,8.93,44.24,-35.31,3.954087346024637,-2.28,9.913043478260867
1994-04,1.384,0.23,2.36,8.59,44.17,-35.58,4.142025611175786,-2.13,9.26086956521739
1994-05,1.3816129032258064,-0.23,2.29,8.93,42.01,-33.08,3.7043673012318026,-2.52,-10.956521739130434
1994-06,1.3833333333333333,0.0,2.49,9.58,42.76,-33.18,3.463465553235908,-2.49,inf
1994-07,1.3819354838709677,0.12,2.77,12.54,42.51,-29.97,2.389952153110048,-2.65,22.083333333333336
1994-08,1.3793548387096775,0.12,2.9,12.59,42.69,-30.099999999999998,2.390786338363781,-2.78,23.166666666666668
1994-09,1.356,0.23,2.96,13.51,43.44,-29.93,2.2153960029607696,-2.73,11.869565217391303
1994-10,1.35,-0.23,2.61,12.66,44.69,-32.03,2.5300157977883093,-2.84,-12.347826086956522
1994-11,1.3666666666666667,-0.12,2.67,11.23,40.89,-29.66,2.641139804096171,-2.79,-23.25
1994-12,1.3883870967741936,0.23,2.67,10.22,41.22,-31.0,3.0332681017612524,-2.44,10.608695652173912
1995-01,1.4112903225806452,0.58,2.8,11.12,42.7,-31.580000000000005,2.839928057553957,-2.2199999999999998,3.8275862068965516
1995-02,1.4007142857142856,1.87,2.86,11.84,46.38,-34.540000000000006,2.91722972972973,-0.9899999999999998,0.5294117647058822
1995-03,1.4074193548387095,2.11,2.85,12.0,50.64,-38.64,3.2199999999999998,-0.7400000000000002,0.3507109004739337
1995-04,1.3766666666666665,2.46,3.05,12.11,51.75,-39.64,3.273327828241123,-0.5899999999999999,0.23983739837398366
1995-05,1.360967741935484,2.93,3.19,12.36,53.29,-40.93,3.3114886731391584,-0.2599999999999998,0.0887372013651877
1995-06,1.3776666666666666,2.69,3.04,12.18,52.86,-40.68,3.3399014778325125,-0.3500000000000001,0.13011152416356886
1995-07,1.3616129032258064,2.57,2.76,14.14,54.23,-40.089999999999996,2.8352192362093347,-0.18999999999999995,0.07392996108949412
1995-08,1.3567741935483872,2.21,2.62,14.31,49.98,-35.669999999999995,2.492662473794549,-0.41000000000000014,0.18552036199095023
1995-09,1.3496666666666668,2.21,2.54,13.59,50.38,-36.790000000000006,2.7071376011773367,-0.33000000000000007,0.14932126696832593
1995-10,1.3464516129032258,2.33,2.81,13.14,49.52,-36.38,2.7686453576864536,-0.48,0.20600858369098707
1995-11,1.3523333333333334,2.09,2.61,12.5,49.1,-36.6,2.928,-0.52,0.24880382775119614
1995-12,1.3699999999999999,1.74,2.54,12.63,49.1,-36.47,2.88756927949327,-0.8,0.45977011494252884
1996-01,1.3664516129032258,1.62,2.73,12.45,46.58,-34.129999999999995,2.7413654618473897,-1.1099999999999999,0.6851851851851851
1996-02,1.3748275862068964,1.26,2.65,12.18,47.3,-35.12,2.883415435139573,-1.39,1.1031746031746033
1996-03,1.3645161290322583,1.49,2.84,14.43,46.86,-32.43,2.2474012474012475,-1.3499999999999999,0.9060402684563758
1996-04,1.3596666666666668,1.37,2.9,14.81,46.58,-31.769999999999996,2.1451721809588116,-1.5299999999999998,1.116788321167883
1996-05,1.3690322580645162,1.48,2.89,15.85,46.15,-30.299999999999997,1.911671924290221,-1.4100000000000001,0.9527027027027029
1996-06,1.368,1.48,2.75,16.18,46.08,-29.9,1.8479604449938196,-1.27,0.8581081081081081
1996-07,1.368709677419355,1.25,2.95,16.11,47.17,-31.060000000000002,1.9279950341402858,-1.7000000000000002,1.3600000000000003
1996-08,1.3716129032258066,1.48,2.88,17.01,39.83,-22.819999999999997,1.3415637860082303,-1.4,0.9459459459459458
1996-09,1.3686666666666667,1.48,3.0,16.94,38.86,-21.919999999999998,1.2939787485242027,-1.52,1.0270270270270272
1996-10,1.3496774193548389,1.82,2.99,17.47,38.76,-21.29,1.2186605609616485,-1.1700000000000002,0.642857142857143
1996-11,1.3373333333333335,1.93,3.26,17.54,38.49,-20.950000000000003,1.1944127708095782,-1.3299999999999998,0.689119170984456
1996-12,1.3635483870967744,2.16,3.32,18.03,38.29,-20.259999999999998,1.1236827509706044,-1.1599999999999997,0.5370370370370368
1997-01,1.3506451612903227,2.16,3.04,18.45,32.99,-14.540000000000003,0.7880758807588077,-0.8799999999999999,0.40740740740740744
1997-02,1.354642857142857,2.27,3.03,18.62,32.53,-13.91,0.7470461868958109,-0.7599999999999998,0.3348017621145374
1997-03,1.3719354838709679,1.92,2.76,19.23,32.45,-13.220000000000002,0.687467498699948,-0.8399999999999999,0.4375
1997-04,1.396,1.69,2.5,17.48,31.44,-13.96,0.7986270022883295,-0.81,0.47928994082840237
1997-05,1.3803225806451613,1.46,2.23,18.6,32.99,-14.39,0.7736559139784946,-0.77,0.5273972602739727
1997-06,1.3836666666666666,1.69,2.3,18.84,32.93,-14.09,0.7478768577494692,-0.6099999999999999,0.36094674556213
1997-07,1.3751612903225807,1.69,2.23,17.19,31.58,-14.389999999999997,0.837114601512507,-0.54,0.319526627218935
1997-08,1.3903225806451611,1.8,2.23,20.08,31.65,-11.57,0.576195219123506,-0.42999999999999994,0.23888888888888893
1997-09,1.3856666666666666,1.68,2.15,20.09,32.06,-11.970000000000002,0.5958188153310107,-0.47,0.27976190476190466
1997-10,1.3854838709677417,1.46,2.08,19.54,32.61,-13.07,0.6688843398157627,-0.6200000000000001,0.4246575342465755
1997-11,1.413,0.89,1.83,16.37,31.37,-15.0,0.916310323762981,-0.9400000000000001,1.0561797752808988
1997-12,1.426774193548387,0.78,1.7,15.12,30.81,-15.69,1.0376984126984126,-0.9199999999999999,1.1794871794871793
1998-01,1.441290322580645,1.11,1.57,18.0,30.92,-12.920000000000002,0.7177777777777778,-0.45999999999999996,0.4144144144144144
1998-02,1.4332142857142856,1.0,1.44,18.45,31.23,-12.780000000000001,0.6926829268292685,-0.43999999999999995,0.43999999999999995
1998-03,1.4161290322580644,1.0,1.38,19.59,30.22,-10.629999999999999,0.5426237876467586,-0.3799999999999999,0.3799999999999999
1998-04,1.43,0.89,1.44,19.02,30.87,-11.850000000000001,0.6230283911671926,-0.5499999999999999,0.6179775280898876
1998-05,1.4458064516129032,1.11,1.69,17.74,30.42,-12.680000000000003,0.7147688838782416,-0.5799999999999998,0.5225225225225223
1998-06,1.466,0.99,1.68,17.17,31.17,-14.0,0.8153756552125799,-0.69,0.696969696969697
1998-07,1.486774193548387,0.99,1.68,19.45,30.85,-11.400000000000002,0.5861182519280208,-0.69,0.696969696969697
1998-08,1.5338709677419355,0.88,1.62,14.87,31.45,-16.58,1.1149966375252185,-0.7400000000000001,0.840909090909091
1998-09,1.5216666666666667,0.66,1.49,16.39,32.88,-16.490000000000002,1.0061012812690664,-0.83,1.2575757575757573
1998-10,1.545483870967742,1.1,1.49,16.89,35.49,-18.6,1.1012433392539966,-0.3899999999999999,0.3545454545454545
1998-11,1.5416666666666667,1.22,1.55,20.08,34.2,-14.120000000000005,0.7031872509960162,-0.33000000000000007,0.2704918032786885
1998-12,1.5425806451612902,1.0,1.61,19.91,36.0,-16.09,0.808136614766449,-0.6100000000000001,0.6100000000000001
1999-01,1.5216129032258066,0.66,1.67,19.89,35.04,-15.149999999999999,0.7616892911010558,-1.0099999999999998,1.5303030303030303
1999-02,1.4967857142857142,0.66,1.61,18.86,30.52,-11.66,0.6182396606574763,-0.9500000000000001,1.4393939393939394
1999-03,1.5174193548387096,0.99,1.73,21.49,30.4,-8.91,0.4146114471847371,-0.74,0.7474747474747474
1999-04,1.4893333333333334,1.65,2.28,21.96,29.96,-8.0,0.3642987249544627,-0.6299999999999999,0.38181818181818183
1999-05,1.4619354838709677,1.53,2.09,21.65,29.6,-7.950000000000003,0.3672055427251735,-0.5599999999999998,0.36601307189542465
1999-06,1.4669999999999999,1.64,1.96,21.81,29.46,-7.650000000000002,0.3507565337001377,-0.32000000000000006,0.19512195121951215
1999-07,1.4858064516129033,1.86,2.14,21.57,30.87,-9.3,0.43115438108484017,-0.28,0.15053763440860224
1999-08,1.4925806451612904,2.08,2.26,21.61,31.57,-9.96,0.46089773253123556,-0.17999999999999972,0.08653846153846145
1999-09,1.4766666666666666,2.63,2.63,21.99,32.1,-10.110000000000003,0.45975443383356085,0.0,0.0
1999-10,1.4764516129032257,2.29,2.56,22.54,32.38,-9.840000000000003,0.43655723158828774,-0.27,0.11790393013100431
1999-11,1.4666666666666666,2.18,2.62,24.69,32.24,-7.550000000000001,0.30579181855002036,-0.43999999999999995,0.201834862385321
1999-12,1.473225806451613,2.63,2.68,24.43,32.18,-7.75,0.31723291035611956,-0.050000000000000266,0.019011406844106515
2000-01,1.4483870967741934,2.19,2.74,24.95,30.94,-5.990000000000002,0.24008016032064128,-0.5500000000000003,0.25114155251141557
2000-02,1.4506896551724138,2.73,3.22,25.86,30.41,-4.550000000000001,0.17594740912606355,-0.4900000000000002,0.17948717948717952
2000-03,1.461290322580645,3.04,3.76,27.11,31.53,-4.420000000000002,0.16303946883068976,-0.7199999999999998,0.23684210526315774
2000-04,1.4693333333333334,2.16,3.07,26.91,30.03,-3.120000000000001,0.11594202898550732,-0.9099999999999997,0.42129629629629606
2000-05,1.4967741935483871,2.37,3.19,25.96,30.43,-4.469999999999999,0.17218798151001535,-0.8199999999999998,0.3459915611814346
2000-06,1.4773333333333334,2.8,3.73,26.6,31.04,-4.439999999999998,0.1669172932330827,-0.9300000000000002,0.3321428571428573
2000-07,1.4780645161290322,2.9,3.66,26.82,30.13,-3.3099999999999987,0.12341536167039524,-0.7600000000000002,0.26206896551724146
2000-08,1.4819354838709677,2.57,3.41,27.36,30.12,-2.7600000000000016,0.10087719298245612,-0.8400000000000003,0.3268482490272375
2000-09,1.4849999999999999,2.67,3.45,27.47,31.21,-3.740000000000002,0.1361485256643613,-0.7800000000000002,0.2921348314606742
2000-10,1.5122580645161292,2.77,3.45,27.37,30.51,-3.1400000000000006,0.11472415052977714,-0.6800000000000002,0.24548736462093879
2000-11,1.5436666666666667,3.21,3.45,27.84,30.62,-2.780000000000001,0.09985632183908044,-0.2400000000000002,0.07476635514018692
2000-12,1.5212903225806453,3.2,3.39,29.02,31.24,-2.219999999999999,0.07649896623018604,-0.18999999999999995,0.059374999999999956
2001-01,1.5048387096774194,2.99,3.73,29.09,30.92,-1.8300000000000018,0.06290821588174644,-0.7399999999999998,0.24749163879598646
2001-02,1.522142857142857,2.87,3.53,29.33,30.69,-1.360000000000003,0.04636890555744988,-0.6599999999999997,0.22996515679442497
2001-03,1.56,2.43,2.92,30.24,29.02,1.2199999999999989,-0.04034391534391535,-0.48999999999999977,0.20164609053497928
2001-04,1.557,3.49,3.27,29.96,29.45,0.5100000000000016,-0.01702269692923908,0.2200000000000002,-0.06303724928366772
2001-05,1.5419354838709678,3.9,3.62,29.96,29.45,0.5100000000000016,-0.01702269692923908,0.2799999999999998,-0.07179487179487176
2001-06,1.5236666666666667,3.35,3.25,29.87,28.78,1.0899999999999999,-0.03649146300636086,0.10000000000000009,-0.02985074626865669
2001-07,1.532258064516129,2.71,2.72,30.63,29.21,1.4199999999999982,-0.04635977799542923,-0.010000000000000231,0.0036900369003691758
2001-08,1.54,2.82,2.72,31.53,30.6,0.9299999999999997,-0.02949571836346332,0.09999999999999964,-0.03546099290780125
2001-09,1.5666666666666667,2.6,2.65,30.2,30.6,-0.40000000000000213,0.013245033112582849,-0.04999999999999982,0.019230769230769162
2001-10,1.572258064516129,1.87,2.13,31.0,30.05,0.9499999999999993,-0.030645161290322576,-0.2599999999999998,0.1390374331550801
2001-11,1.593,0.62,1.9,30.74,29.96,0.7799999999999976,-0.025374105400130076,-1.2799999999999998,2.064516129032258
2001-12,1.5790322580645162,0.72,1.55,30.48,28.98,1.5,-0.049212598425196874,-0.8300000000000001,1.1527777777777781
2002-01,1.600967741935484,1.35,1.14,29.91,28.23,1.6799999999999997,-0.056168505516549616,0.2100000000000002,-0.15555555555555567
2002-02,1.5942857142857143,1.45,1.14,30.36,28.38,1.9800000000000004,-0.0652173913043479,0.31000000000000005,-0.21379310344827596
2002-03,1.5890322580645162,1.85,1.48,30.17,28.64,1.5300000000000011,-0.05071262843884661,0.3700000000000001,-0.20000000000000007
2002-04,1.5800000000000003,1.74,1.64,31.25,29.63,1.620000000000001,-0.05184,0.10000000000000009,-0.05747126436781613
2002-05,1.550967741935484,1.12,1.18,31.91,30.74,1.1700000000000017,-0.036665622062049597,-0.05999999999999983,0.05357142857142838
2002-06,1.5313333333333332,1.22,1.07,32.83,32.17,0.6599999999999966,-0.020103563813585024,0.1499999999999999,-0.12295081967213106
2002-07,1.5445161290322582,2.13,1.46,32.19,32.27,-0.0800000000000054,0.0024852438645543984,0.6699999999999999,-0.3145539906103286
2002-08,1.5696774193548388,2.54,1.8,32.77,32.74,0.030000000000001137,-0.0009154714678059062,0.74,-0.2913385826771654
2002-09,1.5746666666666667,2.33,1.51,32.36,32.25,0.10999999999999943,-0.0033992583436340817,0.8200000000000001,-0.351931330472103
2002-10,1.578709677419355,3.16,2.03,33.05,32.17,0.8799999999999955,-0.02662632375189089,1.1300000000000003,-0.3575949367088609
2002-11,1.5710000000000002,4.42,2.2,32.32,32.31,0.00999999999999801,-0.0003094059405940319,2.2199999999999998,-0.502262443438914
2002-12,1.5603225806451615,3.8,2.38,32.69,33.82,-1.1300000000000026,0.034567145916182485,1.42,-0.37368421052631584
2003-01,1.5435483870967743,4.51,2.6,33.1,34.14,-1.0399999999999991,0.031419939577039147,1.9099999999999997,-0.4235033259423503
2003-02,1.5142857142857142,4.68,2.98,31.43,34.48,-3.049999999999997,0.09704104358892773,1.6999999999999997,-0.3632478632478632
2003-03,1.477741935483871,4.25,3.02,31.26,34.76,-3.4999999999999964,0.11196417146513093,1.23,-0.28941176470588237
2003-04,1.4573333333333334,2.91,2.22,31.63,35.15,-3.5199999999999996,0.11128675308251657,0.69,-0.2371134020618556
2003-05,1.3854838709677417,2.81,2.06,32.7,36.15,-3.4499999999999957,0.10550458715596323,0.75,-0.26690391459074736
2003-06,1.3523333333333334,2.6,2.11,31.68,35.69,-4.009999999999998,0.12657828282828287,0.4900000000000002,-0.18846153846153857
2003-07,1.3800000000000001,2.09,2.11,30.8,35.19,-4.389999999999997,0.1425324675324675,-0.020000000000000018,0.009569377990430672
2003-08,1.3961290322580644,1.98,2.16,30.68,35.3,-4.619999999999997,0.1505867014341591,-0.18000000000000016,0.09090909090909105
2003-09,1.363,2.18,2.32,31.85,37.26,-5.409999999999997,0.1698587127158555,-0.13999999999999968,0.06422018348623837
2003-10,1.3212903225806452,1.58,2.04,31.05,37.43,-6.379999999999999,0.20547504025764884,-0.45999999999999996,0.2911392405063291
2003-11,1.3096666666666665,1.58,1.77,31.24,38.24,-7.0000000000000036,0.2240717029449426,-0.18999999999999995,0.120253164556962
2003-12,1.3138709677419356,2.08,1.88,31.54,39.72,-8.18,0.25935320228281555,0.20000000000000018,-0.09615384615384626
2004-01,1.2958064516129033,1.27,1.93,31.65,39.73,-8.079999999999998,0.2552922590837283,-0.6599999999999999,0.5196850393700787
2004-02,1.3293103448275863,0.68,1.69,31.39,39.19,-7.799999999999997,0.2484867792290537,-1.0099999999999998,1.4852941176470584
2004-03,1.3280645161290323,0.78,1.74,31.92,39.81,-7.890000000000001,0.2471804511278195,-0.96,1.2307692307692308
2004-04,1.3403333333333334,1.66,2.29,30.82,38.28,-7.460000000000001,0.24205061648280335,-0.6300000000000001,0.3795180722891567
2004-05,1.3787096774193548,2.44,3.05,31.67,38.78,-7.109999999999999,0.22450268392800754,-0.6099999999999999,0.25
2004-06,1.358,2.54,3.27,31.19,38.87,-7.679999999999996,0.24623276691247176,-0.73,0.28740157480314954
2004-07,1.3225806451612903,2.34,2.99,31.04,38.35,-7.310000000000002,0.2355025773195878,-0.6500000000000004,0.2777777777777779
2004-08,1.312258064516129,1.85,2.65,31.64,39.04,-7.399999999999999,0.23388116308470286,-0.7999999999999998,0.43243243243243223
2004-09,1.2896666666666665,1.84,2.54,32.16,39.31,-7.150000000000006,0.22232587064676634,-0.7,0.38043478260869557
2004-10,1.2454838709677418,2.33,3.19,32.27,40.62,-8.349999999999994,0.2587542609234581,-0.8599999999999999,0.36909871244635184
2004-11,1.1943333333333332,2.42,3.52,29.78,42.1,-12.32,0.41370047011417066,-1.1,0.4545454545454546
2004-12,1.2209677419354839,2.13,3.26,30.17,42.72,-12.549999999999997,0.4159761352336757,-1.13,0.5305164319248825
2005-01,1.2235483870967743,1.94,2.97,30.38,41.74,-11.360000000000003,0.37393021724818976,-1.0300000000000002,0.5309278350515465
2005-02,1.2392857142857143,2.13,3.01,31.38,42.06,-10.680000000000003,0.3403441682600383,-0.8799999999999999,0.41314553990610325
2005-03,1.2151612903225808,2.31,3.15,32.12,41.06,-8.940000000000005,0.2783312577833128,-0.8399999999999999,0.36363636363636354
2005-04,1.2346666666666666,2.4,3.51,31.46,41.45,-9.990000000000002,0.3175460902733631,-1.1099999999999999,0.4624999999999999
2005-05,1.255483870967742,1.62,2.8,31.27,39.91,-8.639999999999997,0.2763031659737767,-1.1799999999999997,0.7283950617283947
2005-06,1.2413333333333334,1.71,2.53,31.5,39.04,-7.539999999999999,0.23936507936507945,-0.8199999999999998,0.4795321637426899
2005-07,1.2245161290322581,2.0,3.17,30.29,38.93,-8.64,0.28524265434136686,-1.17,0.585
2005-08,1.2041935483870967,2.58,3.64,31.23,39.56,-8.330000000000002,0.26673070765289797,-1.06,0.41085271317829464
2005-09,1.1786666666666668,3.24,4.69,30.55,38.74,-8.190000000000001,0.2680851063829788,-1.4500000000000002,0.44753086419753085
2005-10,1.1770967741935483,2.57,4.35,31.12,38.23,-7.109999999999996,0.22847043701799463,-1.7799999999999998,0.6926070038910506
2005-11,1.1823333333333332,1.99,3.46,31.21,37.46,-6.25,0.20025632809996785,-1.47,0.7386934673366834
2005-12,1.1625806451612903,2.09,3.42,30.66,37.84,-7.180000000000003,0.23418134377038502,-1.33,0.6363636363636365
2006-01,1.157741935483871,2.75,3.99,30.95,38.61,-7.66,0.24749596122778672,-1.2400000000000002,0.4509090909090909
2006-02,1.1489285714285713,2.18,3.6,30.68,38.37,-7.689999999999998,0.2506518904823989,-1.42,0.6513761467889907
2006-03,1.157741935483871,2.16,3.36,34.02,38.59,-4.57,0.13433274544385654,-1.1999999999999997,0.5555555555555554
2006-04,1.1453333333333333,2.44,3.55,33.66,40.07,-6.410000000000004,0.19043374925727874,-1.1099999999999999,0.45491803278688514
2006-05,1.1106451612903225,2.81,4.17,33.56,40.74,-7.18,0.21394517282479142,-1.3599999999999999,0.48398576512455516
2006-06,1.1133333333333335,2.43,4.32,33.81,40.37,-6.559999999999995,0.19402543626146085,-1.8900000000000001,0.7777777777777777
2006-07,1.1270967741935483,2.33,4.15,34.28,40.41,-6.1299999999999955,0.1788214702450408,-1.8200000000000003,0.7811158798283262
2006-08,1.1193548387096774,2.14,3.82,33.74,40.12,-6.3799999999999955,0.18909306461173658,-1.6799999999999997,0.7850467289719625
2006-09,1.1176666666666668,0.74,2.06,33.92,39.9,-5.979999999999997,0.1762971698113207,-1.32,1.7837837837837838
2006-10,1.1290322580645162,1.02,1.31,33.69,40.29,-6.600000000000001,0.19590382902938552,-0.29000000000000004,0.2843137254901962
2006-11,1.1363333333333332,1.39,1.97,34.58,41.47,-6.890000000000001,0.1992481203007519,-0.5800000000000001,0.4172661870503598
2006-12,1.1541935483870966,1.67,2.54,33.2,40.94,-7.739999999999995,0.23313253012048185,-0.8700000000000001,0.5209580838323353
2007-01,1.175806451612903,1.11,2.08,34.06,40.38,-6.32,0.18555490311215506,-0.97,0.8738738738738738
2007-02,1.169285714285714,2.04,2.42,34.55,41.25,-6.700000000000003,0.19392185238784387,-0.3799999999999999,0.18627450980392157
2007-03,1.1687096774193548,2.3,2.78,37.54,41.72,-4.18,0.11134789557805003,-0.48,0.20869565217391295
2007-04,1.1353333333333333,2.2,2.57,38.42,42.09,-3.6700000000000017,0.09552316501821978,-0.36999999999999966,0.168181818181818
2007-05,1.095483870967742,2.19,2.69,38.36,41.48,-3.1199999999999974,0.08133472367049,-0.5,0.22831050228310512
2007-06,1.0643333333333334,2.19,2.69,37.67,41.49,-3.8200000000000003,0.1014069551367136,-0.5,0.22831050228310512
2007-07,1.0506451612903225,2.19,2.36,38.56,42.51,-3.9499999999999957,0.10243775933609944,-0.16999999999999993,0.07762557077625565
2007-08,1.0567741935483872,1.73,1.97,38.58,42.92,-4.340000000000003,0.11249351995852774,-0.24,0.1387283236994219
2007-09,1.0263333333333333,2.47,2.76,39.23,44.27,-5.040000000000006,0.12847310731582984,-0.2899999999999996,0.11740890688259098
2007-10,0.9732258064516128,2.39,3.54,39.02,44.8,-5.779999999999994,0.14812916453100966,-1.15,0.4811715481171548
2007-11,0.9653333333333334,2.47,4.31,39.06,45.97,-6.909999999999997,0.17690732206861237,-1.8399999999999994,0.7449392712550604
2007-12,1.0,2.38,4.08,39.31,45.8,-6.489999999999995,0.16509793945560913,-1.7000000000000002,0.7142857142857144
2008-01,1.0125806451612904,2.19,4.28,40.47,47.17,-6.700000000000003,0.1655547319001731,-2.0900000000000003,0.9543378995433791
2008-02,0.9996551724137931,1.81,4.03,41.82,48.4,-6.579999999999998,0.15734098517455752,-2.22,1.2265193370165748
2008-03,1.0032258064516129,1.35,3.98,41.23,50.53,-9.300000000000004,0.2255639097744362,-2.63,1.9481481481481477
2008-04,1.0143333333333333,1.7,3.94,41.8,49.31,-7.510000000000005,0.17966507177033497,-2.24,1.3176470588235296
2008-05,1.0,2.23,4.18,41.68,49.25,-7.57,0.18162188099808052,-1.9499999999999997,0.8744394618834079
2008-06,1.0163333333333333,3.13,5.02,41.93,49.61,-7.68,0.18316241354638674,-1.8899999999999997,0.6038338658146964
2008-07,1.0138709677419355,3.39,5.6,40.76,49.09,-8.330000000000005,0.20436702649656535,-2.2099999999999995,0.6519174041297933
2008-08,1.0541935483870968,3.49,5.37,40.76,47.25,-6.490000000000002,0.1592247301275762,-1.88,0.5386819484240688
2008-09,1.0583333333333333,3.4,4.94,41.12,46.63,-5.510000000000005,0.13399805447470836,-1.5400000000000005,0.4529411764705884
2008-10,1.1816129032258065,2.6,3.66,39.63,45.29,-5.659999999999997,0.142821095129952,-1.06,0.4076923076923078
2008-11,1.2233333333333334,1.97,1.07,39.3,45.97,-6.670000000000002,0.16972010178117047,0.8999999999999999,-0.4568527918781725
2008-12,1.2370967741935484,1.16,0.09,41.54,49.58,-8.04,0.19354838709677424,1.0699999999999998,-0.9224137931034483
2009-01,1.2267741935483871,1.07,0.03,40.36,47.6,-7.240000000000002,0.17938553022794856,1.04,-0.9719626168224299
2009-02,1.2457142857142858,1.43,0.24,40.86,45.63,-4.770000000000003,0.116740088105727,1.19,-0.8321678321678322
2009-03,1.2641935483870967,1.24,-0.38,40.91,46.63,-5.720000000000006,0.13981911513077505,1.62,-1.3064516129032258
2009-04,1.2243333333333333,0.35,-0.74,40.01,46.73,-6.719999999999999,0.1679580104973757,1.0899999999999999,-3.1142857142857143
2009-05,1.1493548387096775,0.09,-1.28,42.16,49.25,-7.090000000000003,0.168168880455408,1.37,-15.222222222222223
2009-06,1.1263333333333334,-0.26,-1.43,41.75,48.9,-7.149999999999999,0.17125748502993998,1.17,4.5
2009-07,1.1258064516129032,-0.95,-2.1,42.3,49.88,-7.580000000000005,0.17919621749408998,1.1500000000000001,1.210526315789474
2009-08,1.0864516129032258,-0.78,-1.48,42.97,50.45,-7.480000000000004,0.17407493600186186,0.7,0.8974358974358974
2009-09,1.0813333333333335,-0.86,-1.29,46.33,51.84,-5.510000000000005,0.11892941938268953,0.43000000000000005,0.5
2009-10,1.0545161290322582,0.09,-0.18,44.32,51.9,-7.579999999999998,0.17102888086642598,0.27,-3.0
2009-11,1.0606666666666666,0.96,1.84,44.34,53.53,-9.189999999999998,0.2072620658547586,-0.8800000000000001,0.9166666666666667
2009-12,1.0548387096774194,1.32,2.72,42.6,50.52,-7.920000000000002,0.18591549295774645,-1.4000000000000001,1.0606060606060606
2010-01,1.0464516129032257,1.86,2.63,45.32,50.22,-4.899999999999999,0.10812003530450132,-0.7699999999999998,0.41397849462365577
2010-02,1.0546428571428572,1.58,2.14,45.85,50.19,-4.339999999999996,0.09465648854961817,-0.56,0.35443037974683556
2010-03,1.0229032258064517,1.4,2.31,45.2,48.89,-3.6899999999999977,0.08163716814159283,-0.9100000000000001,0.6500000000000001
2010-04,1.006,1.84,2.24,45.44,48.27,-2.8300000000000054,0.062279929577464976,-0.40000000000000013,0.21739130434782616
2010-05,1.0416129032258064,1.39,2.02,44.74,47.13,-2.3900000000000006,0.053419758605274925,-0.6300000000000001,0.4532374100719425
2010-06,1.0386666666666666,0.96,1.05,44.05,47.56,-3.510000000000005,0.07968217934165733,-0.09000000000000008,0.09375
2010-07,1.0429032258064515,1.83,1.24,45.61,49.74,-4.130000000000003,0.09055031791273849,0.5900000000000001,-0.3224043715846995
2010-08,1.0403225806451613,1.74,1.15,46.29,49.63,-3.3400000000000034,0.07215381291855705,0.5900000000000001,-0.33908045977011503
2010-09,1.0330000000000001,1.92,1.14,47.54,51.71,-4.170000000000002,0.08771560790912925,0.78,-0.40625
2010-10,1.0170967741935484,2.44,1.17,46.74,53.24,-6.5,0.1390671801454857,1.27,-0.5204918032786885
2010-11,1.0123333333333333,2.0,1.14,44.72,50.59,-5.8700000000000045,0.13126118067978543,0.8600000000000001,-0.43000000000000005
2010-12,1.007741935483871,2.35,1.5,44.89,52.08,-7.189999999999998,0.16016930274003105,0.8500000000000001,-0.36170212765957455
2011-01,0.9932258064516128,2.35,1.63,45.92,52.54,-6.619999999999997,0.14416376306620204,0.7200000000000002,-0.30638297872340436
2011-02,0.9867857142857143,2.16,2.11,47.33,52.75,-5.420000000000002,0.11451510669765486,0.050000000000000266,-0.02314814814814825
2011-03,0.9767741935483871,3.29,2.68,47.36,52.4,-5.039999999999999,0.10641891891891886,0.6099999999999999,-0.18541033434650456
2011-04,0.9573333333333333,3.28,3.16,49.48,54.19,-4.710000000000001,0.09518997574777699,0.11999999999999966,-0.03658536585365846
2011-05,0.9690322580645161,3.7,3.57,50.62,53.3,-2.6799999999999997,0.05294350059265107,0.13000000000000034,-0.03513513513513522
2011-06,0.9776666666666666,3.1,3.56,49.11,53.84,-4.730000000000004,0.09631439625330906,-0.45999999999999996,0.1483870967741936
2011-07,0.9558064516129032,2.74,3.63,49.86,54.63,-4.770000000000003,0.09566787003610111,-0.8899999999999997,0.32481751824817495
2011-08,0.983225806451613,3.08,3.77,51.01,54.93,-3.9200000000000017,0.07684767692609307,-0.69,0.22402597402597402
2011-09,1.0003333333333333,3.17,3.87,50.6,52.77,-2.1700000000000017,0.04288537549407123,-0.7000000000000002,0.2208201892744479
2011-10,1.0190322580645161,2.9,3.53,52.1,53.58,-1.4799999999999969,0.028406909788867507,-0.6299999999999999,0.2172413793103447
2011-11,1.026,2.89,3.39,52.69,52.68,0.00999999999999801,-0.00018978933383939633,-0.5,0.17301038062283736
2011-12,1.0238709677419355,2.3,2.96,52.81,51.88,0.9299999999999997,-0.01761030107934103,-0.6600000000000001,0.28695652173913055
2012-01,1.0132258064516129,2.46,2.93,53.22,52.28,0.9399999999999977,-0.01766253288237496,-0.4700000000000002,0.1910569105691058
2012-02,0.9972413793103448,2.62,2.87,56.42,51.53,4.890000000000001,-0.08667139312300598,-0.25,0.09541984732824438
2012-03,0.9932258064516128,1.93,2.65,56.03,51.14,4.890000000000001,-0.08727467428163482,-0.72,0.37305699481865284
2012-04,0.9926666666666667,2.0,2.3,56.16,51.68,4.479999999999997,-0.07977207977207967,-0.2999999999999998,0.1499999999999999
2012-05,1.0103225806451612,1.24,1.7,55.9,50.29,5.609999999999999,-0.10035778175313059,-0.45999999999999996,0.37096774193548376
2012-06,1.0286666666666666,1.5,1.66,53.27,50.52,2.75,-0.05162380326637883,-0.15999999999999992,0.10666666666666669
2012-07,1.0148387096774194,1.25,1.41,53.44,50.29,3.1499999999999986,-0.05894461077844304,-0.15999999999999992,0.1279999999999999
2012-08,0.992258064516129,1.25,1.69,54.19,50.82,3.3699999999999974,-0.06218859568186008,-0.43999999999999995,0.35199999999999987
2012-09,0.9806666666666666,1.16,1.99,54.87,51.55,3.3200000000000003,-0.060506652086750545,-0.8300000000000001,0.7155172413793105
2012-10,0.9867741935483871,1.16,2.16,54.8,51.19,3.6099999999999994,-0.06587591240875912,-1.0000000000000002,0.8620689655172415
2012-11,0.9983333333333333,0.83,1.76,55.03,50.59,4.439999999999998,-0.0806832636743594,-0.93,1.1204819277108435
2012-12,0.9906451612903227,0.83,1.74,55.24,49.92,5.32,-0.09630702389572776,-0.91,1.096385542168675
2013-01,0.9925806451612903,0.5,1.59,55.44,49.71,5.729999999999997,-0.10335497835497831,-1.09,2.18
2013-02,1.01,1.24,1.98,56.16,48.4,7.759999999999998,-0.13817663817663817,-0.74,0.596774193548387
2013-03,1.0248387096774194,0.99,1.47,57.11,47.54,9.57,-0.1675713535282788,-0.48,0.48484848484848486
2013-04,1.0196666666666667,0.41,1.06,58.49,47.56,10.93,-0.18686955035048725,-0.6500000000000001,1.5853658536585367
2013-05,1.0203225806451612,0.74,1.36,57.66,46.56,11.099999999999994,-0.19250780437044734,-0.6200000000000001,0.8378378378378379
2013-06,1.0333333333333334,1.15,1.75,55.72,46.92,8.799999999999997,-0.15793251974156497,-0.6000000000000001,0.5217391304347827
2013-07,1.0412903225806451,1.32,1.96,56.46,47.69,8.770000000000003,-0.15533120793482114,-0.6399999999999999,0.48484848484848486
2013-08,1.0393548387096774,1.07,1.52,56.61,47.54,9.07,-0.16021904257198372,-0.44999999999999996,0.42056074766355134
2013-09,1.0346666666666666,1.07,1.18,57.85,48.28,9.57,-0.1654278305963699,-0.10999999999999988,0.10280373831775691
2013-10,1.0370967741935484,0.65,0.96,57.97,48.46,9.509999999999998,-0.16405037088149044,-0.30999999999999994,0.4769230769230768
2013-11,1.0486666666666666,0.9,1.24,58.67,47.69,10.980000000000004,-0.1871484574740072,-0.33999999999999997,0.37777777777777777
2013-12,1.0629032258064517,1.24,1.5,58.43,47.6,10.829999999999998,-0.185349991442752,-0.26,0.20967741935483875
2014-01,1.092258064516129,1.48,1.58,59.33,47.52,11.809999999999995,-0.19905612674869366,-0.10000000000000009,0.06756756756756754
2014-02,1.105,1.14,1.13,63.72,48.24,15.479999999999997,-0.24293785310734461,0.010000000000000009,-0.00877192982456143
2014-03,1.1112903225806452,1.55,1.51,63.01,48.03,14.979999999999997,-0.2377400412632915,0.040000000000000036,-0.02580645161290329
2014-04,1.0990000000000002,2.04,1.95,63.82,48.4,15.420000000000002,-0.24161704794735195,0.09000000000000008,-0.044117647058823595
2014-05,1.0912903225806454,2.28,2.13,64.52,47.98,16.54,-0.2563546187228767,0.1499999999999999,-0.06578947368421051
2014-06,1.083,2.36,2.07,62.41,48.19,14.219999999999999,-0.22784810126582278,0.29000000000000004,-0.1228813559322034
2014-07,1.0725806451612903,2.11,1.99,62.15,47.29,14.86,-0.23909895414320192,0.11999999999999988,-0.056872037914691864
2014-08,1.0929032258064517,2.11,1.7,62.41,46.56,15.849999999999994,-0.2539657106232974,0.4099999999999999,-0.1943127962085308
2014-09,1.1016666666666668,2.03,1.66,60.92,44.51,16.410000000000004,-0.2693696651346028,0.3699999999999999,-0.18226600985221675
2014-10,1.1229032258064517,2.36,1.66,61.25,43.94,17.310000000000002,-0.2826122448979592,0.7,-0.2966101694915254
2014-11,1.1320000000000001,1.95,1.32,61.56,42.82,18.740000000000002,-0.3044184535412606,0.6299999999999999,-0.32307692307692304
2014-12,1.1529032258064515,1.47,0.76,62.76,41.94,20.82,-0.33173996175908227,0.71,-0.48299319727891155
2015-01,1.2083870967741936,0.97,-0.09,63.33,40.5,22.83,-0.36049265750828985,1.06,-1.0927835051546393
2015-02,1.2489285714285714,1.05,-0.03,63.55,40.01,23.54,-0.3704169944925255,1.08,-1.0285714285714285
2015-03,1.2629032258064516,1.2,-0.07,67.06,38.99,28.07,-0.418580375782881,1.27,-1.0583333333333333
2015-04,1.2349999999999999,0.8,-0.2,67.04,39.92,27.120000000000005,-0.4045346062052506,1.0,-1.25
2015-05,1.2196774193548388,0.87,-0.04,66.61,39.05,27.560000000000002,-0.41375168893559533,0.91,-1.0459770114942528
2015-06,1.2369999999999999,1.03,0.12,65.63,39.63,25.999999999999993,-0.396160292549139,0.91,-0.883495145631068
2015-07,1.2851612903225809,1.27,0.17,66.31,39.13,27.18,-0.4098929271603077,1.1,-0.8661417322834646
2015-08,1.3141935483870968,1.27,0.2,67.08,39.83,27.25,-0.4062313655336911,1.07,-0.8425196850393701
2015-09,1.3263333333333334,1.03,-0.04,67.64,39.95,27.689999999999998,-0.40937315198107627,1.07,-1.0388349514563107
2015-10,1.3061290322580645,1.03,0.17,68.37,39.58,28.790000000000006,-0.4210911218370631,0.86,-0.8349514563106796
2015-11,1.3290000000000002,1.36,0.5,67.63,38.22,29.409999999999997,-0.4348661836463108,0.8600000000000001,-0.6323529411764706
2015-12,1.3716129032258066,1.61,0.73,69.08,39.24,29.839999999999996,-0.4319629415170816,0.8800000000000001,-0.546583850931677
2016-01,1.419032258064516,2.01,1.37,70.58,39.09,31.489999999999995,-0.44616038537829406,0.6399999999999997,-0.31840796019900486
2016-02,1.3793103448275863,1.36,1.02,71.09,40.28,30.810000000000002,-0.4333942889295259,0.3400000000000001,-0.25
2016-03,1.3229032258064517,1.27,0.85,71.8,41.49,30.309999999999995,-0.4221448467966573,0.42000000000000004,-0.3307086614173229
2016-04,1.284,1.66,1.13,73.47,42.46,31.009999999999998,-0.42207703824690346,0.53,-0.319277108433735
2016-05,1.2938709677419356,1.5,1.02,73.96,41.18,32.779999999999994,-0.4432125473228772,0.48,-0.31999999999999995
2016-06,1.2890000000000001,1.49,1.0,73.3,42.27,31.029999999999994,-0.4233287858117325,0.49,-0.32885906040268453
2016-07,1.3025806451612905,1.26,0.83,72.74,42.64,30.099999999999994,-0.41380258454770413,0.43000000000000005,-0.3412698412698413
2016-08,1.2996774193548386,1.1,1.06,73.59,42.4,31.190000000000005,-0.4238347601576301,0.040000000000000036,-0.036363636363636376
2016-09,1.3090000000000002,1.34,1.46,74.03,42.99,31.04,-0.41928947723895715,-0.11999999999999988,0.08955223880596996
2016-10,1.3248387096774195,1.49,1.64,73.38,41.71,31.669999999999995,-0.43158898882529295,-0.1499999999999999,0.10067114093959728
2016-11,1.3453333333333333,1.18,1.69,73.29,39.42,33.870000000000005,-0.4621367171510439,-0.51,0.43220338983050843
2016-12,1.3351612903225807,1.5,2.07,72.95,39.02,33.93,-0.46511309115832755,-0.5699999999999998,0.3799999999999999
2017-01,1.3193548387096774,2.13,2.5,74.93,40.13,34.800000000000004,-0.4644334712398238,-0.3700000000000001,0.1737089201877935
2017-02,1.31,2.05,2.74,72.29,39.84,32.45,-0.4488864296583207,-0.6900000000000004,0.33658536585365884
2017-03,1.3403225806451615,1.56,2.38,72.73,40.11,32.620000000000005,-0.44850818094321465,-0.8199999999999998,0.5256410256410255
2017-04,1.3436666666666668,1.64,2.2,74.79,40.53,34.260000000000005,-0.45808263136783,-0.5600000000000003,0.3414634146341464
2017-05,1.36,1.32,1.87,75.58,41.38,34.199999999999996,-0.4525006615506747,-0.55,0.41666666666666674
2017-06,1.331,1.01,1.63,74.63,41.51,33.12,-0.4437893608468444,-0.6199999999999999,0.6138613861386137
2017-07,1.2696774193548388,1.16,1.73,74.87,42.71,32.160000000000004,-0.4295445438760519,-0.5700000000000001,0.4913793103448276
2017-08,1.2603225806451612,1.4,1.94,75.03,42.91,32.120000000000005,-0.4280954284952686,-0.54,0.3857142857142857
2017-09,1.228,1.55,2.23,74.26,42.34,31.92,-0.4298410988419068,-0.6799999999999999,0.43870967741935485
2017-10,1.2606451612903224,1.39,2.04,73.42,41.83,31.590000000000003,-0.43026423317897033,-0.6500000000000001,0.46762589928057574
2017-11,1.2763333333333333,2.1,2.2,76.76,42.57,34.190000000000005,-0.4454142782699323,-0.10000000000000009,0.04761904761904767
2017-12,1.2751612903225806,1.87,2.11,76.65,42.76,33.89000000000001,-0.4421395955642532,-0.23999999999999977,0.12834224598930466
2018-01,1.2425806451612904,1.7,2.07,76.5,44.17,32.33,-0.42261437908496735,-0.3699999999999999,0.2176470588235293
2018-02,1.2578571428571428,2.16,2.21,76.28,44.12,32.160000000000004,-0.421604614577871,-0.04999999999999982,0.02314814814814814
2018-03,1.2929032258064515,2.31,2.36,73.05,44.43,28.619999999999997,-0.3917864476386037,-0.04999999999999982,0.021645021645021467
2018-04,1.2743333333333335,2.22,2.46,72.09,43.39,28.700000000000003,-0.39811346927451796,-0.23999999999999977,0.10810810810810789
2018-05,1.2890322580645162,2.22,2.8,70.79,42.59,28.200000000000003,-0.39836135047323074,-0.5799999999999996,0.26126126126126104
2018-06,1.313,2.45,2.87,71.45,42.29,29.160000000000004,-0.4081175647305808,-0.41999999999999993,0.17142857142857149
2018-07,1.3135483870967741,2.99,2.95,71.5,42.17,29.33,-0.4102097902097902,0.040000000000000036,-0.013377926421404673
2018-08,1.3041935483870968,2.84,2.7,70.94,42.07,28.869999999999997,-0.40696363123766566,0.13999999999999968,-0.04929577464788726
2018-09,1.3030000000000002,2.22,2.28,70.43,41.75,28.680000000000007,-0.4072128354394434,-0.05999999999999961,0.02702702702702675
2018-10,1.3006451612903225,2.44,2.52,71.74,41.2,30.539999999999992,-0.425703930861444,-0.08000000000000007,0.032786885245901676
2018-11,1.319,1.68,2.18,71.64,41.08,30.560000000000002,-0.4265773310999442,-0.5000000000000002,0.29761904761904767
2018-12,1.3448387096774195,1.99,1.91,73.28,41.94,31.340000000000003,-0.427674672489083,0.08000000000000007,-0.04020100502512569
2019-01,1.3319354838709676,1.44,1.55,76.91,42.06,34.849999999999994,-0.45312703159537115,-0.1100000000000001,0.07638888888888906
2019-02,1.3221428571428573,1.51,1.52,73.48,41.5,31.980000000000004,-0.4352204681545999,-0.010000000000000009,0.0066225165562914245
2019-03,1.3358064516129033,1.88,1.86,72.54,41.28,31.260000000000005,-0.4309346567411084,0.019999999999999796,-0.010638297872340274
2019-04,1.339,2.03,2.0,74.61,41.1,33.51,-0.44913550462404506,0.029999999999999805,-0.01477832512315258
2019-05,1.3451612903225807,2.4,1.79,74.4,41.41,32.99000000000001,-0.4434139784946237,0.6099999999999999,-0.25416666666666665
2019-06,1.3296666666666668,2.02,1.65,74.93,42.04,32.89000000000001,-0.43894301347924736,0.3700000000000001,-0.18316831683168322
2019-07,1.31,2.01,1.81,73.77,41.37,32.4,-0.4392029280195201,0.19999999999999973,-0.09950248756218893
2019-08,1.326451612903226,1.94,1.75,74.71,41.43,33.279999999999994,-0.4454557622808192,0.18999999999999995,-0.09793814432989689
2019-09,1.3256666666666668,1.87,1.71,73.84,40.95,32.89,-0.4454225352112676,0.16000000000000014,-0.08556149732620333
2019-10,1.318709677419355,1.86,1.76,73.98,41.48,32.50000000000001,-0.4393079210597459,0.10000000000000009,-0.05376344086021512
2019-11,1.3236666666666668,2.17,2.05,73.42,40.97,32.45,-0.4419776627621902,0.1200000000000001,-0.055299539170507006
2019-12,1.318709677419355,2.25,2.29,73.61,41.54,32.07,-0.43567450074718106,-0.040000000000000036,0.017777777777777892
2020-01,1.3083870967741935,2.4,2.49,74.84,41.24,33.6,-0.44895777659005875,-0.0900000000000003,0.03750000000000009
2020-02,1.3286206896551724,2.16,2.33,76.0,41.12,34.88,-0.45894736842105266,-0.16999999999999993,0.07870370370370372
2020-03,1.3948387096774195,0.89,1.54,74.61,41.24,33.37,-0.44725908055220476,-0.65,0.7303370786516854
2020-04,1.4043333333333332,-0.22,0.33,75.55,41.15,34.4,-0.4553275976174719,-0.55,-2.5
2020-05,1.397741935483871,-0.37,0.12,75.22,41.39,33.83,-0.4497474076043605,-0.49,-1.3243243243243243
2020-06,1.3553333333333335,0.66,0.65,74.7,41.66,33.040000000000006,-0.44230254350736287,0.010000000000000009,-0.015151515151515138
2020-07,1.3512903225806452,0.15,0.99,77.47,43.25,34.22,-0.4417193752420292,-0.84,5.6000000000000005
2020-08,1.325161290322581,0.15,1.31,76.91,43.51,33.4,-0.4342738265505136,-1.1600000000000001,7.733333333333334
2020-09,1.3230000000000002,0.51,1.37,77.32,43.05,34.269999999999996,-0.44322296947749606,-0.8600000000000001,1.6862745098039218
2020-10,1.32,0.66,1.18,77.78,43.06,34.72,-0.4463872460786834,-0.5199999999999999,0.7878787878787876
2020-11,1.308,0.95,1.17,78.48,43.73,34.75000000000001,-0.4427879714576963,-0.21999999999999997,0.2315789473684211
2020-12,1.2819354838709678,0.73,1.36,76.82,44.54,32.279999999999994,-0.4202030721166362,-0.6300000000000001,0.8630136986301371
2021-01,1.272258064516129,1.02,1.4,75.67,44.07,31.6,-0.41760274877758685,-0.3799999999999999,0.3725490196078429
2021-02,1.269642857142857,1.09,1.68,72.92,43.64,29.28,-0.4015359297860669,-0.5899999999999999,0.5412844036697246
2021-03,1.257741935483871,2.2,2.62,70.25,42.25,28.0,-0.39857651245551606,-0.41999999999999993,0.19090909090909092
2021-04,1.252,3.39,4.16,71.11,43.06,28.049999999999997,-0.39445928842638167,-0.77,0.2271386430678466
2021-05,1.2132258064516128,3.6,4.99,76.05,43.33,32.72,-0.4302432610124918,-1.3900000000000001,0.38611111111111107
2021-06,1.224,3.06,5.39,75.94,42.39,33.55,-0.4417961548590993,-2.3299999999999996,0.761437908496732
2021-07,1.2525806451612902,3.72,5.37,77.01,42.62,34.39000000000001,-0.4465653811193352,-1.65,0.44354838709677424
2021-08,1.2606451612903224,4.09,5.25,77.96,42.42,35.53999999999999,-0.45587480759363774,-1.1600000000000001,0.28361858190709044
2021-09,1.2646666666666666,4.38,5.39,77.94,41.71,36.23,-0.46484475237362066,-1.0099999999999998,0.23059360730593603
2021-10,1.2454838709677418,4.65,6.22,75.47,41.28,34.19,-0.4530276931230952,-1.5699999999999994,0.3376344086021503
2021-11,1.258,4.72,6.81,75.14,40.82,34.32,-0.45674740484429066,-2.09,0.44279661016949157
2021-12,1.2780645161290323,4.8,7.04,78.15,40.74,37.410000000000004,-0.4786948176583493,-2.24,0.4666666666666668
2022-01,1.2625806451612904,5.14,7.48,76.1,40.35,35.74999999999999,-0.4697766097240472,-2.3400000000000007,0.4552529182879379
2022-02,1.2717857142857143,5.69,7.87,74.52,40.39,34.129999999999995,-0.4579978529253891,-2.1799999999999997,0.38312829525483294
2022-03,1.2661290322580645,6.66,8.54,75.39,39.25,36.14,-0.4793739222708582,-1.879999999999999,0.28228228228228214
2022-04,1.2623333333333333,6.77,8.26,78.06,37.05,41.010000000000005,-0.5253651037663336,-1.4900000000000002,0.22008862629246684
2022-05,1.2838709677419355,7.73,8.58,80.22,37.61,42.61,-0.531164298180005,-0.8499999999999996,0.10996119016817585
2022-06,1.2826666666666668,8.13,9.06,79.02,36.27,42.74999999999999,-0.541002277904328,-0.9299999999999997,0.11439114391143912
2022-07,1.2929032258064515,7.59,8.52,79.46,35.95,43.50999999999999,-0.5475711049584696,-0.9299999999999997,0.12252964426877466
2022-08,1.2919354838709678,7.01,8.26,80.96,35.1,45.85999999999999,-0.5664525691699605,-1.25,0.1783166904422253
2022-09,1.331,6.86,8.2,76.41,33.94,42.47,-0.5558173014003402,-1.339999999999999,0.19533527696792996
2022-10,1.3699999999999999,6.88,7.75,77.35,33.82,43.529999999999994,-0.5627666451195863,-0.8700000000000001,0.12645348837209314
2022-11,1.3433333333333335,6.8,7.11,79.28,35.62,43.660000000000004,-0.5507063572149344,-0.3100000000000005,0.04558823529411771
2022-12,1.358709677419355,6.32,6.45,79.73,37.21,42.52,-0.5332998871190266,-0.1299999999999999,0.020569620253164445